item,qty,sku,approx_usd_each,buy_url,docs_url,notes
ESP32 development board (ESP32-DevKitC-32E),1,ESP32-DEVKITC-32E,12.00,https://www.mouser.com/ProductDetail/356-ESP32-DEVKITC32E,https://docs.espressif.com/projects/esp-dev-kits/en/latest/esp32/esp32-devkitc/user_guide.html,"Built-in Wi-Fi. Any ESP32-WROOM-32 DevKit works. GPIO logic is 3.3 V."
EZO-pH circuit,1,EZO-PH,45.99,https://atlas-scientific.com/embedded-solutions/ezo-ph-circuit/,https://files.atlas-scientific.com/pH_EZO_Datasheet.pdf,"pH interface: UART or I2C (I2C address 99). 1/2/3-point calibration and temperature compensation built in. Ships in UART mode; switch to I2C once."
EZO-ORP circuit,1,EZO-ORP,45.99,https://atlas-scientific.com/embedded-solutions/ezo-orp-circuit/,https://files.atlas-scientific.com/ORP_EZO_Datasheet.pdf,"ORP interface: UART or I2C (I2C address 98). -1020 to 1020 mV. Single-point calibration."
Electrically isolated EZO carrier board (Gen 2),2,ISCCB-2,32.99,https://atlas-scientific.com/carrier-boards/electrically-isolated-ezo-carrier-board-gen-2/,https://files.atlas-scientific.com/electrically-isolated-ezo-carrier-board.pdf,"One for pH, one for ORP. Isolation stops the two probes in the same water from interfering. Female SMA probe jack."
Consumer grade pH probe,1,ENV-30-pH,69.99,https://atlas-scientific.com/probes/consumer-grade-ph-probe/,https://files.atlas-scientific.com/consumer-grade-pH-probe.pdf,"pH 2-13, +/-0.1, 1-60 C, 1 m cable, SMA (BNC optional). Life about 12-18 months; recalibrate about every 3 months."
Consumer grade ORP probe,1,ENV-30-ORP,53.99,https://atlas-scientific.com/probes/consumer-grade-orp-probe/,https://files.atlas-scientific.com/consumer-grade-ORP-probe.pdf,"-1100 to 1100 mV, +/-1.1 mV, 1-60 C, 1 m cable, SMA (BNC optional)."
Waterproof DS18B20 temperature probe,1,ADA-381,9.95,https://www.adafruit.com/product/381,https://www.adafruit.com/product/381,"-55 to 125 C, +/-0.5 C from -10 to 85 C. Includes the 4.7 kOhm pull-up resistor."
128x64 I2C OLED display (optional),1,ADA-938,19.95,https://www.adafruit.com/product/938,https://www.adafruit.com/product/938,"1.3 in SSD1306, address 0x3C. Any 0.96-2.42 in SSD1306/SH1106/SSD1309 I2C OLED works (see firmware/AquaSense/config.h)."
Full-size breadboard,1,ADA-239,5.95,https://www.adafruit.com/product/239,https://www.adafruit.com/product/239,"For prototyping each layer on the desk."
Male/male jumper wires (40 pack),1,ADA-758,3.95,https://www.adafruit.com/product/758,https://www.adafruit.com/product/758,
5 V 2.5 A micro-USB power supply,1,ADA-1995,8.25,https://www.adafruit.com/product/1995,https://www.adafruit.com/product/1995,"UL listed. Low voltage only goes into the enclosure; plug into a GFCI-protected outlet near water."
Weatherproof enclosure with clear lid,1,ADA-905,19.95,https://www.adafruit.com/product/905,https://www.adafruit.com/product/905,"IP66, 175 x 125 x 75 mm outside. Clear lid lets you read the display without opening it."
Cable gland PG-9,2,ADA-761,1.95,https://www.adafruit.com/product/761,https://www.adafruit.com/product/761,"For the temperature probe cable and the USB power cable (4.0-6.4 mm cable)."
Waterproof SMA panel adapters (4 pack),1,SMA-ADP,19.99,https://atlas-scientific.com/connectors/sma-adapter/,https://atlas-scientific.com/connectors/sma-adapter/,"IP66 bulkhead jacks so probes unplug from outside the box. Two used, two spare for an extra sensor. Optional: glands also work."
pH 4.00 / 7.00 / 10.00 calibration solutions,1,C-pH-4-7-10,23.99,https://atlas-scientific.com/calibration-solutions/ph-4-00-7-00-10-00-calibration-solutions/,https://atlas-scientific.com/calibration-solutions/ph-4-00-7-00-10-00-calibration-solutions/,"125 ml each, +/-0.02 pH at 25 C."
ORP 225 mV calibration set,1,ASORP225P-3,9.99,https://atlas-scientific.com/calibration-solutions/orp-calibration-set/,https://atlas-scientific.com/calibration-solutions/orp-calibration-set/,"Two 225 mV pouches plus one storage pouch."
Distilled water,1,,2.00,,,"For rinsing probes between calibration solutions. Any grocery store."
